Workbook

Sheet Summary
A1: Temporary Relocation Areas (TRAs) in South Africa – compiled from 2022–2026 online sources
A2: Compiled 27 Sep 2026. Includes TRAs, transit camps, TRUs and temporary emergency accommodation (TEA) sites. Coordinates are estimates from named landmarks unless marked 'Published'.
A4: Province | B4: Sites listed | C4: Active / active-variant | D4: Uncertain status
A5: Western Cape | B5: =COUNTIF('Existing TRAs'!$B:$B,A5) -> 24 | C5: =COUNTIFS('Existing TRAs'!$B:$B,A5,'Existing TRAs'!$L:$L,"Active*") -> 18 | D5: =COUNTIFS('Existing TRAs'!$B:$B,A5,'Existing TRAs'!$L:$L,"Uncertain*") -> 6
A6: KwaZulu-Natal | B6: =COUNTIF('Existing TRAs'!$B:$B,A6) -> 33 | C6: =COUNTIFS('Existing TRAs'!$B:$B,A6,'Existing TRAs'!$L:$L,"Active*") -> 22 | D6: =COUNTIFS('Existing TRAs'!$B:$B,A6,'Existing TRAs'!$L:$L,"Uncertain*") -> 9
A7: Gauteng | B7: =COUNTIF('Existing TRAs'!$B:$B,A7) -> 14 | C7: =COUNTIFS('Existing TRAs'!$B:$B,A7,'Existing TRAs'!$L:$L,"Active*") -> 5 | D7: =COUNTIFS('Existing TRAs'!$B:$B,A7,'Existing TRAs'!$L:$L,"Uncertain*") -> 8
A8: Eastern Cape | B8: =COUNTIF('Existing TRAs'!$B:$B,A8) -> 13 | C8: =COUNTIFS('Existing TRAs'!$B:$B,A8,'Existing TRAs'!$L:$L,"Active*") -> 8 | D8: =COUNTIFS('Existing TRAs'!$B:$B,A8,'Existing TRAs'!$L:$L,"Uncertain*") -> 4
A9: Free State | B9: =COUNTIF('Existing TRAs'!$B:$B,A9) -> 0 | C9: =COUNTIFS('Existing TRAs'!$B:$B,A9,'Existing TRAs'!$L:$L,"Active*") -> 0 | D9: =COUNTIFS('Existing TRAs'!$B:$B,A9,'Existing TRAs'!$L:$L,"Uncertain*") -> 0
A10: Northern Cape | B10: =COUNTIF('Existing TRAs'!$B:$B,A10) -> 0 | C10: =COUNTIFS('Existing TRAs'!$B:$B,A10,'Existing TRAs'!$L:$L,"Active*") -> 0 | D10: =COUNTIFS('Existing TRAs'!$B:$B,A10,'Existing TRAs'!$L:$L,"Uncertain*") -> 0
A11: North West | B11: =COUNTIF('Existing TRAs'!$B:$B,A11) -> 0 | C11: =COUNTIFS('Existing TRAs'!$B:$B,A11,'Existing TRAs'!$L:$L,"Active*") -> 0 | D11: =COUNTIFS('Existing TRAs'!$B:$B,A11,'Existing TRAs'!$L:$L,"Uncertain*") -> 0
A12: Limpopo | B12: =COUNTIF('Existing TRAs'!$B:$B,A12) -> 0 | C12: =COUNTIFS('Existing TRAs'!$B:$B,A12,'Existing TRAs'!$L:$L,"Active*") -> 0 | D12: =COUNTIFS('Existing TRAs'!$B:$B,A12,'Existing TRAs'!$L:$L,"Uncertain*") -> 0
A13: Mpumalanga | B13: =COUNTIF('Existing TRAs'!$B:$B,A13) -> 0 | C13: =COUNTIFS('Existing TRAs'!$B:$B,A13,'Existing TRAs'!$L:$L,"Active*") -> 0 | D13: =COUNTIFS('Existing TRAs'!$B:$B,A13,'Existing TRAs'!$L:$L,"Uncertain*") -> 0
A14: Total | B14: =SUM(B5:B13) -> 84 | C14: =SUM(C5:C13) -> 53 | D14: =SUM(D5:D13) -> 27
A16: Key caveats
A17: • No official national or municipal inventory of TRAs is published. Cape Town's own plans define 'Incremental Development Areas' but name no sites; the Constitutional Court (Bromwell St, Dec 2024) noted the City gave no inventory.
A18: • eThekwini reported 71–72 legacy transit camps (built mainly 2008–2010); ~40–42 remained in 2024, target to clear by end-2026. Most camp names are not published – only those in the news are listed here.
A19: • KZN built ~1,766 Temporary Residential Units (TRUs) after the April 2022 floods, mostly single units on families' own plots (not camps). KSD (Mthatha) similarly placed 1,000+ in-situ TRUs after the June 2025 floods.
A20: • No named TRA sites were found in 2022–26 sources for Free State, Northern Cape, North West, Limpopo or Mpumalanga. This reflects limited coverage, not proof that none exist.
A21: • Research stopped when the session's web-search limit was reached; some candidate sites were not checked (e.g. Cape Town: Kosovo, Sweet Home Farm, Driftsands, Freedom Park, Leonsdale, Nooiensfontein, Masiphumelele; Durban: Richmond Farm, Siyanda, Cato Crest, Welbedacht; Gauteng: Ennerdale, Lehae, Orange Farm, Emfuleni, Mogale).
A22: • Suggested next steps for completeness: PAIA request to municipalities for TRA/IDA/transit-camp lists; eThekwini Human Settlements committee reports; KZN DoHS Annual Performance Plan; WC Provincial Parliament written replies; SAHRC Western Cape TRA engagement (Feb 2025).
A23: • Rows marked [Verified] were re-checked against the source during compilation.

Sheet Existing TRAs
A1: # | B1: Province | C1: Municipality | D1: Site name / aliases | E1: Type | F1: Suburb / landmark | G1: Approx. latitude | H1: Approx. longitude | I1: Coordinate confidence | J1: Established | K1: Size (households / units) | L1: Status | M1: Status detail (latest source) | N1: Latest source date | O1: Source 1 | P1: Source 2
A2: 1 | B2: Western Cape | C2: City of Cape Town | D2: Blikkiesdorp (Symphony Way TRA) | E2: TRA | F2: Delft, Symphony Way, next to Cape Town Intl Airport | G2: -33.981 | H2: 18.631 | I2: Published (Wikipedia) | J2: 2007 | K2: ~1,600 zinc units built; ~1,300 dwellings (2026) | L2: Active | M2: Symphony Way housing project (~3,500 units for Blikkiesdorp, Malawi Camp, Freedom Farm) resumed Mar 2025; some residents moved to subsidy houses. | N2: 2026-07-07 | O2: https://capeargus.co.za/news/2026-07-07-blikkiesdorp-19-years-of-unfulfilled-housing-promises-for-residents/ | P2: https://www.ewn.co.za/2025/03/10/blikkiesdorp-malawi-camp-freedom-farm-residents-excited-to-see-symphony-way-housing-project-resume
A3: 2 | B3: Western Cape | C3: City of Cape Town (provincial site) | D3: Delft TRA 5 / 5.1 | E3: TRA (N2 Gateway) | F3: Delft, N2 Gateway Phase 1 | G3: -33.97 | H3: 18.64 | I3: Estimated (±1–3 km) | J3: 2010 | K3: 1,095 units (~1,070 occupied) | L3: Active | M3: Still occupied after 16 years; flooding and sanitation failures reported Jul 2026. Run by Western Cape Govt. | N3: 2026-07 | O3: https://www.2oceansvibe.com/politics/mnqasela-tra5-housing-wait-july-2026/ | P3: https://www.wcpp.gov.za/?q=node/11843
A4: 3 | B4: Western Cape | C4: City of Cape Town (provincial site) | D4: Delft TRA 6 | E4: TRA (N2 Gateway) | F4: Delft, linked to Joe Slovo / N2 Gateway | G4: -33.97 | H4: 18.64 | I4: Estimated (±1–3 km) | J4: 2013 | K4: 423 units (~374 occupied) | L4: Active | M4: Used as receiving TRA for Southern Corridor programme (2022). Run by Western Cape Govt. | N4: 2022-05-08 | O4: https://iol.co.za/weekend-argus/news/2022-05-08-temporary-housing-rented-out-by-occupants-for-r1-000/ | P4: https://www.wcpp.gov.za/?q=node/11843
A5: 4 | B5: Western Cape | C5: City of Cape Town | D5: Tsunami (former TRA) | E5: Former TRA, now informal settlement | F5: Delft, next to Delft TRAs | G5: -33.975 | H5: 18.625 | I5: Estimated (±1–3 km) | J5: c. 2005–08 (unconfirmed) | K5: ~1,700 shacks (2025) | L5: Active | M5: Development planned; residents resisting relocation (Sep 2025). | N5: 2025-09-12 | O5: https://www.parliament.gov.za/storage/app/media/Pages/2025/12-09-2025_NCOP_Local_Government_Week/day1/2025-local-government-week-site-profiles-eersterivier-delft-and-mfuleni.pdf
A6: 5 | B6: Western Cape | C6: City of Cape Town (provincial site) | D6: Joe Slovo Temporary Housing Area (THA) | E6: TRA | F6: Langa, along Jakes Gerwel Drive | G6: -33.94 | H6: 18.54 | I6: Estimated (±1–3 km) | J6: 2017 | K6: Not reported | L6: Uncertain | M6: For residents who refused Delft move; no status found after Apr 2022. | N6: 2022-04-08 | O6: https://www.wcpp.gov.za/?q=node/11843
A7: 6 | B7: Western Cape | C7: City of Cape Town | D7: Langa 'Old Beer Hall' shipping-container TRA | E7: TRA (containers) | F7: Langa, Lerotholi Avenue | G7: -33.945 | H7: 18.53 | I7: Estimated (±1–3 km) | J7: 2002 | K7: Not reported | L7: Active | M7: Still occupied after 23 years (Apr 2025); City says part of Langa redevelopment, no timeline. | N7: 2025-04 | O7: https://groundup.org.za/article/families-moved-to-shipping-containers-by-city-23-years-ago-live-in-dire-conditions/
A8: 7 | B8: Western Cape | C8: City of Cape Town | D8: Masonwabe TRA | E8: TRA | F8: Gugulethu, NY109, behind Gugulethu police station (former Masonwabe hostel site) | G8: -33.975 | H8: 18.57 | I8: Estimated (±1–3 km) | J8: 2013 | K8: 100+ families (~136 structures) | L8: Active | M8: Jul 2026: City plans to rehouse Masonwabe and Singabalapha (Observatory) residents together on a new Gugulethu site; residents object. [Verified] | N8: 2026-07-30 | O8: https://groundup.org.za/article/gugulethu-residents-lambast-citys-plan-for-them-to-share-land-with-observatory-occupiers/ | P8: https://groundup.org.za/article/families-living-in-temporary-housing-for-over-a-decade-say-city-of-cape-town-has-abandoned-them/
A9: 8 | B9: Western Cape | C9: City of Cape Town | D9: Wolwerivier (emergency housing camp / IDA) | E9: TRA / IDA | F9: North of Dunoon, ~30 km from CBD (off R304/N7 side) | G9: -33.77 | H9: 18.55 | I9: Low – rough estimate | J9: 2015 | K9: ~336 units initially; now overcrowded | L9: Active | M9: Roads, crèche, clinic added after 2021; fires Dec 2023; still offered to evictees (Bromwell St case). | N9: 2024-02-01 | O9: https://groundup.org.za/article/situation-even-worse-now-in-wolwerivier-say-residents/ | P9: https://www.dailymaverick.co.za/article/2024-01-24-wolwerivier-emergency-housing-camp-is-hell-on-earth-32km-from-heart-of-cape-town/
A10: 9 | B10: Western Cape | C10: City of Cape Town | D10: Kampies (emergency housing site) | E10: TRA / IDA | F10: Philippi farming area, ~15 km from CBD | G10: -34 | H10: 18.56 | I10: Estimated (±1–3 km) | J10: pre-2019 | K10: ~109 structures / ~140 families | L10: Active | M10: Offered to Bromwell St evictees (SCA, 2023); criticised in UCT input to SAHRC (Feb 2025). | N10: 2025-02 | O10: https://www.dailymaverick.co.za/article/2023-02-06-supreme-court-of-appeal-finds-cape-town-emergency-housing-programme-in-line-with-constitution/ | P10: https://mkeswell.github.io/UCT_SAHRC_input_original.pdf
A11: 10 | B11: Western Cape | C11: City of Cape Town | D11: Bhekela site / Stock Road TRA (PRASA Central Line relocation) | E11: TRA | F11: Philippi East ('Philippi Wedge'), behind Stock Road transport hub | G11: -34 | H11: 18.585 | I11: Estimated (±1–3 km) | J11: Dec 2023–Feb 2024 | K11: 856–891 households | L11: Active | M11: Poor services (90 toilets, tankered water); protests; awaiting permanent relocation. PRASA/HDA on private land. | N11: 2024-02-28 | O11: https://groundup.org.za/article/temporary-relocation-of-more-than-880-families-from-railway-in-cape-town-completed/ | P11: https://www.dailymaverick.co.za/article/2024-02-28-scopa-grills-city-of-cape-town-on-relocation-of-prasas-central-line-occupiers/
A12: 11 | B12: Western Cape | C12: City of Cape Town | D12: Bosasa TRA (old site) | E12: TRA | F12: Mfuleni, ~30 km from CBD | G12: -34.01 | H12: 18.69 | I12: Estimated (±1–3 km) | J12: c. 2009–10 | K12: 150 extra units added 2020 | L12: Active | M12: Cited as active in UCT SAHRC input (Feb 2025); limited transport, high crime. | N12: 2025-02 | O12: https://mkeswell.github.io/UCT_SAHRC_input_original.pdf | P12: https://groundup.org.za/article/mfuleni-residents-are-tired-of-seeing-the-city-relocate-residents-from-other-townships/
A13: 12 | B13: Western Cape | C13: City of Cape Town | D13: Bosasa Link (Mfuleni Emergency Housing Development) | E13: Emergency housing / TRA | F13: Mfuleni, between Old Faure Rd (M49) and Spine Rd ext. (M32) | G13: -34.02 | H13: 18.7 | I13: Estimated (±1–3 km) | J13: 2024 | K13: 713–756 serviced sites | L13: Active | M13: Receiving MyCiTi-displaced households and, Aug 2026, ~30 families from Luyolo hall (Gugulethu). Phase 2 due ~Feb 2026. | N13: 2026-08-05 | O13: https://groundup.org.za/article/families-who-occupied-a-cape-town-community-hall-for-eight-years-have-finally-been-moved/ | P13: https://www.news24.com/mixed-emotions-among-bosasa-link-project-residents-as-they-settle-into-new-homes-20240808
A14: 13 | B14: Western Cape | C14: City of Cape Town | D14: Sondela TRA | E14: TRA | F14: Mfuleni, Ward 108 | G14: -34 | H14: 18.69 | I14: Estimated (±1–3 km) | J14: Nov 2023 | K14: ~324 residents | L14: Active | M14: Serviced (water, electricity, toilets); residents moved from flood-prone wetland. | N14: 2023-11-23 | O14: https://novanews.co.za/cityvision/safer-houses-at-temporary-relocation-area-in-mfuleni-cape-town-welcomed-20231123/
A15: 14 | B15: Western Cape | C15: City of Cape Town | D15: Green Point (Khayelitsha) temporary housing site | E15: TRA | F15: Green Point, Khayelitsha | G15: -34.04 | H15: 18.67 | I15: Estimated (±1–3 km) | J15: Dec 2025–Jan 2026 | K15: 40 units (27 stolen, 13 vandalised Jan 2026) | L15: Active / being rebuilt | M15: For households moved off sewer lines (Lansdowne Rd, Site C/SST). | N15: 2026-01 | O15: https://www.dailymaverick.co.za/article/sewerage-maintenance-relocation-of-khayeelitsha-families-delayed-after-vandalism/ | P15: https://groundup.org.za/article/protesters-demand-city-of-cape-town-compensate-them-for-destroying-their-homes-and-damaging-their-belongings/
A16: 15 | B16: Western Cape | C16: City of Cape Town | D16: Wingfield emergency site | E16: Emergency site | F16: Wingfield / Maitland (state land) | G16: -33.915 | H16: 18.51 | I16: Estimated (±1–3 km) | J16: 2020 (Covid) | K16: ~160 refugees | L16: Active – eviction pending | M16: City filed eviction application Jul 2025. | N16: 2025-07-08 | O16: https://groundup.org.za/article/city-of-cape-town-moves-to-evict-refugees-living-at-two-emergency-housing-sites/
A17: 16 | B17: Western Cape | C17: City of Cape Town | D17: Paint City emergency site | E17: Emergency site | F17: Bellville | G17: -33.89 | H17: 18.63 | I17: Estimated (±1–3 km) | J17: 2020 (Covid) | K17: Not reported | L17: Active – eviction pending | M17: City filed eviction application Jul 2025. | N17: 2025-07-08 | O17: https://groundup.org.za/article/city-of-cape-town-moves-to-evict-refugees-living-at-two-emergency-housing-sites/
A18: 17 | B18: Western Cape | C18: City of Cape Town | D18: Delft South emergency housing site | E18: Emergency housing / TRA | F18: Delft South | I18: Not found | J18: Unknown | K18: Not reported | L18: Active (offered) | M18: Offered to Singabalapha occupiers in 2026 (rejected). May overlap with another Delft site. | N18: 2026-07-30 | O18: https://groundup.org.za/article/gugulethu-residents-lambast-citys-plan-for-them-to-share-land-with-observatory-occupiers/
A19: 18 | B19: Western Cape | C19: City of Cape Town | D19: Imizamo Yethu TRAs (Disa, Depot, Triangle) | E19: TRA | F19: Hout Bay; 'Triangle' above cemetery on Hout Bay Rd | G19: -34.03 | H19: 18.36 | I19: Estimated (±1–3 km) | J19: Dec 2017 (post-fire) | K19: ~300 households | L19: Uncertain | M19: No 2022–26 source found. | N19: 2019-06 | O19: https://groundup.org.za/article/two-years-survivors-imizamo-yethu-fire-crammed-disused-municipal-buildings/ | P19: https://www.sentinelnews.co.za/news/residents-move-onto-tra-site/
A20: 19 | B20: Western Cape | C20: City of Cape Town | D20: Happy Valley TRA | E20: TRA (decant) | F20: Blackheath / Blue Downs, Wimbledon Rd | G20: -33.97 | H20: 18.7 | I20: Estimated (±1–3 km) | J20: c. 2011–12 | K20: Not reported | L20: Uncertain | M20: Could not confirm TRA still exists (protests Jul 2025). | N20: 2012-02 | O20: https://www.bcid.co.za/happy-valley-housing-development/
A21: 20 | B21: Western Cape | C21: Mossel Bay | D21: KwaNonqaba UISP TRA | E21: TRA (prefab) | F21: KwaNonqaba, Mossel Bay | G21: -34.17 | H21: 22.1 | I21: Estimated (±1–3 km) | J21: 2022–23 | K21: 250 prefab units + 250 storage units | L21: Uncertain | M21: Built for in-situ upgrading; damaged in Aug 2022 protests; occupancy unknown. | N21: 2023-08-16 | O21: https://asla.co.za/project/temporary-relocation-area-tra/ | P21: https://mbuisp.org/homepage/project-overview/tra/
A22: 21 | B22: Western Cape | C22: Stellenbosch | D22: Mountain View TRA | E22: TRA | F22: Jamestown, Stellenbosch | G22: -33.98 | H22: 18.84 | I22: Estimated (±1–3 km) | J22: 2017 | K22: Not reported | L22: Active | M22: Protests May 2026 over site 'becoming an informal settlement'. | N22: 2026-05 | O22: https://www.smfnews.org/protest-erupts-over-use-of-jamestown-as-a-relocation-area/
A23: 22 | B23: Western Cape | C23: Stellenbosch | D23: Kayamandi Northern Extension TRA | E23: TRA (decant) | F23: Kayamandi | G23: -33.92 | H23: 18.85 | I23: Estimated (±1–3 km) | J23: c. 2023–24 | K23: Not reported | L23: Uncertain | M23: Decant site for Zone O / Enkanini / Siyahlala upgrades. | N23: n.d. | O23: https://pmg.org.za/committee-meeting/39912/
A24: 23 | B24: Western Cape | C24: Stellenbosch | D24: Watergang TRA | E24: TRA | F24: Kayamandi | G24: -33.92 | H24: 18.85 | I24: Estimated (±1–3 km) | J24: c. 2007–12 | K24: Not reported | L24: Uncertain | M24: Studied in 2021; no 2022–26 status found. | N24: 2021 | O24: https://www.researchgate.net/publication/351839856_An_Analysis_of_the_Watergang_Temporary_Relocation_Area_in_Kayamandi_Stellenbosch
A25: 24 | B25: Western Cape | C25: Knysna | D25: Khayalethu Bungalows temporary relocation | E25: Decant / TRA | F25: Khayalethu, Knysna | G25: -34.03 | H25: 23.05 | I25: Estimated (±1–3 km) | J25: 2024–26 | K25: 124+ planned; 30 completed | L25: Active | M25: Short-term decant while Phases 2–3 built (2025/26–2026/27). | N25: 2026-02 | O25: https://www.thehda.co.za/knysna-khayalethu-bungalows-housing-intervention/
A26: 25 | B26: KwaZulu-Natal | C26: eThekwini | D26: Zamani transit camp (Malukazi; possibly 'Lindela') | E26: Transit camp | F26: Malukazi, ward 89, near King Zwelithini Stadium (Umlazi/Isipingo Hills) | G26: -29.98 | H26: 30.9 | I26: Estimated (±1–3 km) | J26: 2009 | K26: Hundreds of families | L26: Active | M26: Nov 2024: city says no budget for repairs. | N26: 2024-11-28 | O26: https://groundup.org.za/article/families-relocated-for-2010-world-cup-left-with-overflowing-toilets-flood-damaged-homes-and-broken-promises/
A27: 26 | B27: KwaZulu-Natal | C27: eThekwini | D27: Isipingo transit camp | E27: Transit camp | F27: Between Isipingo and Lotus Park, ward 90 | G27: -29.98 | H27: 30.93 | I27: Estimated (±1–3 km) | J27: c. 2009 | K27: ~750 families (2018); most moved 2022–23 | L27: Being emptied | M27: Residents moved to Cornubia and Kanku Rd project; camp to be demolished when cleared. Current status unconfirmed. | N27: 2023-07-20 | O27: https://www.iol.co.za/dailynews/news/isipingo-transit-camp-residents-demand-answers-on-new-housing-allocation-plan-0297da16-8d67-46d8-b370-8348da2bd879 | P27: https://www.sanews.gov.za/south-africa/new-homes-isipingo-transit-camp-residents
A28: 27 | B28: KwaZulu-Natal | C28: eThekwini | D28: KwaDabeka transit camp | E28: Transit camp | F28: KwaDabeka near Clermont (Dumisani Makhaye Dr) | G28: -29.78 | H28: 30.88 | I28: Estimated (±1–3 km) | J28: 2009 | K28: 609 prefab units | L28: Active | M28: Nov 2023: no land to relocate; repairs considered. | N28: 2023-11-01 | O28: https://groundup.org.za/article/transit-camp-homes-are-falling-apart-says-durban-residents/
A29: 28 | B29: KwaZulu-Natal | C29: eThekwini | D29: Amaoti transit camp | E29: Transit camp | F29: Shellbrook St, Amaoti, Inanda | G29: -29.665 | H29: 30.99 | I29: Estimated (±1–3 km) | J29: c. 2012 | K29: ~360 people | L29: Active | M29: Phased move to Amaoti Cuba project (phase 2 delayed). | N29: 2023-04-04 | O29: https://groundup.org.za/article/living-conditions-at-amaoti-transit-camp-are-inhumane-and-getting-worse-say-residents/ | P29: https://www.dailymaverick.co.za/article/2023-04-04-residents-languish-in-inhumane-ethekwini-transit-camp-11-years-later/
A30: 29 | B30: KwaZulu-Natal | C30: eThekwini | D30: Madamfana transit camp | E30: Transit camp | F30: Ntuzuma | G30: -29.72 | H30: 30.95 | I30: Estimated (±1–3 km) | J30: 2017 | K30: 33 families | L30: Active | M30: Funding applied for 22 units (Sep 2023). | N30: 2023-09-21 | O30: https://groundup.org.za/article/families-have-been-waiting-six-years-to-be-moved-from-durban-transit-camp/
A31: 30 | B31: KwaZulu-Natal | C31: eThekwini | D31: Umbhayi transit camp | E31: Transit camp | F31: Umbhayi, near oThongathi (Tongaat) | G31: -29.56 | H31: 31.11 | I31: Estimated (±1–3 km) | J31: 2019 | K31: 100+ people | L31: Active | M31: Tongaat RDP project (~250 houses) incomplete. | N31: 2024-02-16 | O31: https://groundup.org.za/article/families-stuck-in-transit-camp-as-ethekwini-housing-project-remains-incomplete/
A32: 31 | B32: KwaZulu-Natal | C32: eThekwini | D32: Lindelani transit camp | E32: Transit camp | F32: Lindelani (by Ntuzuma) | G32: -29.7 | H32: 30.96 | I32: Estimated (±1–3 km) | J32: 2019 (flood victims) | K32: Not stated | L32: Active | M32: Poor water & sanitation (Jun 2024). | N32: 2024-06-10 | O32: https://iol.co.za/dailynews/news/2024-06-10-no-power-for-the-forgotten-flood-victims/
A33: 32 | B33: KwaZulu-Natal | C33: eThekwini | D33: eMathinini transit camp (Gwala St) | E33: Transit camp | F33: Lamontville (IOL says ward 75 Inanda – conflicting) | G33: -29.945 | H33: 30.955 | I33: Low – rough estimate | J33: 2007+ | K33: 100+ households (2022) | L33: Active | M33: No electricity (Jun 2024); ~150 residents displaced again by Feb 2025 floods. | N33: 2024-06-10 | O33: https://iol.co.za/dailynews/news/2024-06-10-no-power-for-the-forgotten-flood-victims/ | P33: https://groundup.org.za/article/we-have-been-moved-from-one-place-to-another-says-durban-flood-victim/
A34: 33 | B34: KwaZulu-Natal | C34: eThekwini | D34: Lamontville / Barcelona 2 transit camp | E34: Transit camp | F34: Lamontville | G34: -29.94 | H34: 30.95 | I34: Estimated (±1–3 km) | J34: 2008 | K34: Not stated | L34: Active | M34: Cited as active Aug 2024. | N34: 2024-08-16 | O34: https://iol.co.za/dailynews/news/2024-08-16-siboniso-dumas-grand-plan-to-fully-eradicate-transit-camps/
A35: 34 | B35: KwaZulu-Natal | C35: eThekwini | D35: Foreman Road transit camp | E35: Transit camp | F35: Foreman Rd, Clare Estate / Sherwood | G35: -29.82 | H35: 30.98 | I35: Estimated (±1–3 km) | J35: 2008–09 | K35: 800+ households (2017) | L35: Active (partly burned) | M35: Fire 8 Oct 2023 destroyed 60+ shacks; formal housing project planned. | N35: 2023-10-10 | O35: https://www.groundup.org.za/article/transit-camp-for-fire-victims-burns-down-in-durban/
A36: 35 | B36: KwaZulu-Natal | C36: eThekwini | D36: Congo transit camp | E36: Transit camp | F36: Inanda (residents from Nhlungwane) | G36: -29.68 | H36: 30.94 | I36: Low – rough estimate | J36: 2022 (Apr 2022 floods) | K36: ~250 people | L36: Active | M36: No running water, sanitation or electricity (Jun 2024). | N36: 2024-06-11 | O36: https://allafrica.com/stories/202406110038.html
A37: 36 | B37: KwaZulu-Natal | C37: eThekwini | D37: Mayville transit camp(s) | E37: Transit camp | F37: Mayville / Cato Manor | G37: -29.84 | H37: 30.98 | I37: Estimated (±1–3 km) | J37: Legacy | K37: Not stated | L37: Active (slated for closure) | M37: Named as decommissioning targets Aug 2024. | N37: 2024-08-16 | O37: https://iol.co.za/dailynews/news/2024-08-16-siboniso-dumas-grand-plan-to-fully-eradicate-transit-camps/
A38: 37 | B38: KwaZulu-Natal | C38: eThekwini | D38: Durban Central transit camp(s) | E38: Transit camp | F38: Durban central (unnamed) | I38: Not found | J38: Legacy | K38: Not stated | L38: Active (slated for closure) | M38: Named as decommissioning targets Aug 2024. | N38: 2024-08-16 | O38: https://iol.co.za/dailynews/news/2024-08-16-siboniso-dumas-grand-plan-to-fully-eradicate-transit-camps/
A39: 38 | B39: KwaZulu-Natal | C39: eThekwini | D39: Quarry Heights transit camp | E39: Transit camp | F39: Quarry Heights (near KwaMashu/Newlands) | G39: -29.77 | H39: 30.97 | I39: Low – rough estimate | J39: Legacy | K39: Not stated | L39: Uncertain | M39: Oversight visit 2020; no 2022–26 status found. | N39: 2020-09-28 | O39: https://kznlegislature.gov.za/human-settlements-pc-visits-transit-camps/
A40: 39 | B40: KwaZulu-Natal | C40: eThekwini | D40: White City transit camp | E40: Transit camp | F40: White City (Ntuzuma/KwaMashu) | G40: -29.73 | H40: 30.97 | I40: Low – rough estimate | J40: Legacy | K40: Not stated | L40: Uncertain | M40: Oversight visit 2020; no 2022–26 status found. | N40: 2020-09-28 | O40: https://kznlegislature.gov.za/human-settlements-pc-visits-transit-camps/
A41: 40 | B41: KwaZulu-Natal | C41: eThekwini | D41: KwaMshayazafe transit camp | E41: Transit camp | F41: eThekwini (exact area unconfirmed) | I41: Not found | J41: Legacy | K41: Not stated | L41: Uncertain | M41: Oversight visit 2020; no 2022–26 status found. | N41: 2020-09-28 | O41: https://kznlegislature.gov.za/human-settlements-pc-visits-transit-camps/
A42: 41 | B42: KwaZulu-Natal | C42: eThekwini | D42: Tongaat-Greylands transit camp | E42: Transit camp | F42: Greylands, oThongathi | G42: -29.57 | H42: 31.12 | I42: Low – rough estimate | J42: Legacy | K42: Not stated | L42: Uncertain | M42: Oversight visit 2020; no 2022–26 status found. | N42: 2020-09-28 | O42: https://kznlegislature.gov.za/human-settlements-pc-visits-transit-camps/
A43: 42 | B43: KwaZulu-Natal | C43: eThekwini | D43: Astra Building TEA | E43: TEA (building, 2022 floods) | F43: Russell St, Durban CBD | G43: -29.855 | H43: 31.02 | I43: Estimated (±1–3 km) | J43: Nov 2022 | K43: 531 families (2022) → ~285 (Feb 2026) | L43: Active (may have closed mid-2026) | M43: Among remaining TEAs Feb 2026; 8 TEAs closed by Aug 2026 (list not published). | N43: 2026-02-11 | O43: https://groundup.org.za/article/kzn-flood-victims-stuck-in-emergency-housing-three-years-later/ | P43: https://www.sanews.gov.za/south-africa/kzn-flood-victims-moved-decent-accommodation
A44: 43 | B44: KwaZulu-Natal | C44: eThekwini | D44: O'Flaherty Building TEA | E44: TEA (building, 2022 floods) | F44: O'Flaherty Rd, Sydenham | G44: -29.83 | H44: 30.99 | I44: Estimated (±1–3 km) | J44: Dec 2022 | K44: Not stated | L44: Active | M44: Named among remaining TEAs May 2026. | N44: 2026-05-18 | O44: https://iol.co.za/news/south-africa/kwazulu-natal/2026-05-18-durban-flood-victims-finally-receive-keys-to-new-homes-four-years-later/
A45: 44 | B45: KwaZulu-Natal | C45: eThekwini | D45: Crystal Valley apartments TEA | E45: TEA (building, 2022 floods) | F45: Outside Durban (exact location unidentified) | I45: Not found | J45: Dec 2022 | K45: ~300 families | L45: Active | M45: Active Feb 2026. | N45: 2026-02-11 | O45: https://groundup.org.za/article/kzn-flood-victims-stuck-in-emergency-housing-three-years-later/
A46: 45 | B46: KwaZulu-Natal | C46: eThekwini | D46: KwaDimba apartments TEA | E46: TEA (building, 2022 floods) | F46: Near Thornwood / Shallcross | G46: -29.87 | H46: 30.89 | I46: Low – rough estimate | J46: 2022 | K46: ~40 people | L46: Active | M46: Active Feb 2026. | N46: 2026-02-11 | O46: https://groundup.org.za/article/kzn-flood-victims-stuck-in-emergency-housing-three-years-later/
A47: 46 | B47: KwaZulu-Natal | C47: eThekwini | D47: Reservoir Hills flats TEA | E47: TEA (building, 2022 floods) | F47: Reservoir Hills | G47: -29.8 | H47: 30.95 | I47: Estimated (±1–3 km) | J47: 2022–23 | K47: Not stated | L47: Closing | M47: Residents moving to Cornubia May 2026. | N47: 2026-05-18 | O47: https://iol.co.za/news/south-africa/kwazulu-natal/2026-05-18-durban-flood-victims-finally-receive-keys-to-new-homes-four-years-later/
A48: 47 | B48: KwaZulu-Natal | C48: eThekwini | D48: Dassenhoek TEA | E48: TEA (2022 floods) | F48: Dassenhoek, outer west | G48: -29.83 | H48: 30.8 | I48: Estimated (±1–3 km) | J48: 2022 | K48: Not stated | L48: Active | M48: Named as remaining TEA May 2026. | N48: 2026-05-18 | O48: https://witness.co.za/news/2026/05/18/4-000-flood-victims-housed-as-kzn-shifts-to-permanent-homes/
A49: 48 | B49: KwaZulu-Natal | C49: eThekwini | D49: Ntuzuma TEA | E49: TEA (2022 floods) | F49: Ntuzuma | G49: -29.72 | H49: 30.95 | I49: Estimated (±1–3 km) | J49: 2022 | K49: Not stated | L49: Active | M49: Named as remaining TEA May 2026. | N49: 2026-05-18 | O49: https://witness.co.za/news/2026/05/18/4-000-flood-victims-housed-as-kzn-shifts-to-permanent-homes/
A50: 49 | B50: KwaZulu-Natal | C50: eThekwini | D50: 'Ashley Place of Safety' | E50: TEA (2022 floods) | F50: Probably Ashley, Pinetown (unconfirmed) | G50: -29.83 | H50: 30.87 | I50: Low – rough estimate | J50: 2022 | K50: 143 families (~400 people) | L50: Active | M50: Active Sep 2026. | N50: 2026-09-04 | O50: https://kzn.da.org.za/2026/09/four-years-after-kzn-floods-families-remain-trapped-in-temporary-shelter
A51: 50 | B51: KwaZulu-Natal | C51: eThekwini | D51: Pinetown Student Village TEA | E51: TEA (2022 floods) | F51: Pinetown | G51: -29.815 | H51: 30.86 | I51: Estimated (±1–3 km) | J51: Dec 2022 | K51: Not stated | L51: Uncertain | M51: No 2024–26 update; may be same as 'Ashley Place of Safety'. | N51: 2022-12-13 | O51: https://www.sanews.gov.za/south-africa/kzn-flood-victims-moved-decent-accommodation
A52: 51 | B52: KwaZulu-Natal | C52: eThekwini | D52: Conway Farm / Frazer compound | E52: TEA (2022 floods) | F52: oThongathi (Tongaat) | G52: -29.58 | H52: 31.13 | I52: Low – rough estimate | J52: Nov 2022 | K52: 163 families (2022); 118 (Jun 2023) | L52: Uncertain | M52: No status after 2023. | N52: 2023-06-29 | O52: https://www.parliament.gov.za/press-releases/media-statement-committee-flood-disaster-calls-ethekwini-municipality-find-permanent-accommodation-flood-victims
A53: 52 | B53: KwaZulu-Natal | C53: eThekwini | D53: Montclair Lodge (former Transnet hostel) | E53: TEA (govt-owned) | F53: Montclair, south Durban | G53: -29.92 | H53: 30.97 | I53: Estimated (±1–3 km) | J53: Bought May 2025; reopened Jun–Jul 2026 | K53: 268–309 rooms; ~137 occupied Aug 2026 | L53: Active | M53: Now main remaining TEA (stays meant to be 1–3 months). | N53: 2026-08-12 | O53: https://www.dailymaverick.co.za/article/2026-08-12-durban-flood-victims-left-on-pavement-as-court-rejects-housing-bid/ | P53: https://sahrc.org.za/index.php/sahrc-media/news-2/item/4503-media-statement-victory-for-human-rights-montclair-lodge-ready-for-occupancy-for-the-victims-of-flooding-following-sahrc-intervention
A54: 53 | B54: KwaZulu-Natal | C54: eThekwini | D54: Ilfracombe and Adams TEUs | E54: Temporary emergency units | F54: Ilfracombe / Adams Mission (near Illovo) | G54: -30.03 | H54: 30.8 | I54: Low – rough estimate | J54: 2022 | K54: Not stated | L54: Uncertain | M54: Due to close once 20 Illovo houses finished (Aug 2025). | N54: 2025-08-12 | O54: https://iol.co.za/news/south-africa/kwazulu-natal/2025-08-12-kwazulu-natal-to-close-emergency-accommodations-for-flood-victims-by-january-2027/
A55: 54 | B55: KwaZulu-Natal | C55: eThekwini | D55: Umbilo former student residence (Lamontville Feb 2025 flood victims) | E55: Emergency accommodation | F55: Umbilo | G55: -29.87 | H55: 30.99 | I55: Low – rough estimate | J55: Jul 2025 | K55: ~40 families | L55: Uncertain | M55: In use Oct 2025 after Bayside Hotel eviction. | N55: 2025-10-05 | O55: https://sundaytribune.co.za/news/2025-10-05-flood-victims-struggle-with-strict-rules-at-temporary-accommodation/
A56: 55 | B56: KwaZulu-Natal | C56: eThekwini | D56: Ntshongweni TRUs (ward 7) | E56: TRU cluster | F56: Shongweni, outer west | G56: -29.79 | H56: 30.73 | I56: Estimated (±1–3 km) | J56: Dec 2025 | K56: 19 families | L56: Active | M56: Temporary until permanent houses built. | N56: 2025-12 | O56: https://www.sabcnews.com/sabcnews/ethekwini-delivers-temporary-homes-to-flood-victims-in-ntshongweni/
A57: 56 | B57: KwaZulu-Natal | C57: KwaDukuza (iLembe) | D57: Driefontein and Stanger Manor TRUs | E57: TRU cluster | F57: KwaDukuza / Stanger | G57: -29.34 | H57: 31.29 | I57: Estimated (±1–3 km) | J57: Dec 2022 | K57: 221 TRUs | L57: Uncertain | M57: No later status found. | N57: 2022-12-07 | O57: https://www.sowetan.co.za/news/south-africa/2022-12-07-kwadukuza-municipality-moves-closer-to-housing-all-displaced-flood-victims/
A58: 57 | B58: KwaZulu-Natal | C58: Maphumulo (iLembe) | D58: Qadi and Maqumbi rural TRU projects | E58: TRU (rural, scattered) | F58: Maphumulo | I58: Not found | J58: 2023–24 | K58: 500 TRUs (Qadi); Maqumbi 17 of 50 | L58: Active / under construction | M58: Qadi handed over; Maqumbi under construction (Nov 2024). | N58: 2024-11-12 | O58: https://pmg.org.za/tabled-committee-report/6010/
A59: 58 | B59: Gauteng | C59: City of Johannesburg | D59: Wembley Stadium TEA ('Turffontein TRA') | E59: TEA | F59: Turffontein, next to Turffontein Race Course | G59: -26.239 | H59: 28.047 | I59: Estimated (±1–3 km) | J59: 2016 | K59: ~350 people (Aug 2026) | L59: Active | M59: No working water/electricity; no one moved to permanent housing. [Verified] | N59: 2026-08-20 | O59: https://groundup.org.za/article/hundreds-stuck-for-years-in-joburgs-temporary-shelters/ | P59: https://www.dailymaverick.co.za/article/2022-02-28-from-bad-to-worse-foreign-nationals-evicted-from-johannesburg-inner-city-relocated-to-squalid-shelter/
A60: 59 | B60: Gauteng | C60: City of Johannesburg | D60: Denver TRA ('Shalazile') | E60: TRA | F60: Denver, off Main Reef Rd, next to Denver Men's Hostel | G60: -26.21 | H60: 28.115 | I60: Estimated (±1–3 km) | J60: Nov 2023 | K60: ~220–300 structures; 200+ occupants | L60: Active | M60: Built for Usindiso fire survivors (2023); largely taken over by others; crime/flooding; no permanent housing (Oct 2025). | N60: 2025-10-07 | O60: https://www.dailymaverick.co.za/article/2025-10-07-two-years-after-usindiso-fire-survivors-struggle-in-crime-infested-temporary-housing/ | P60: https://www.timeslive.co.za/news/south-africa/2025-08-24-usindiso-fire-survivors-face-new-terror/
A61: 60 | B61: Gauteng | C61: City of Johannesburg | D61: Marlboro / Marlboro Gardens TRA (Setswetla de-densification) | E61: TRA (containers) | F61: Eastern Alexandra near Marlboro | G61: -26.087 | H61: 28.1 | I61: Estimated (±1–3 km) | J61: 2020 (announced) | K61: 1,600 households planned; 2,295 units in budget | L61: Uncertain / under construction | M61: R18.5m budgeted 2025/26; no occupancy reports after 2022. | N61: 2025 | O61: https://joburg.org.za/documents_/Documents/ANNEXURE_A-AND-B.pdf | P61: https://www.citizen.co.za/news/south-africa/government/city-of-joburg-to-relocate-1600-residents-from-alexandra/
A62: 61 | B62: Gauteng | C62: City of Johannesburg | D62: Madala Sports Field TRA | E62: TRA | F62: Alexandra, near Madala Hostel | G62: -26.105 | H62: 28.1 | I62: Estimated (±1–3 km) | J62: 2020 (planned) | K62: 1,233 units | L62: Uncertain | M62: R4.05m budgeted 2025/26; occupancy not confirmed. | N62: 2025 | O62: https://joburg.org.za/documents_/Documents/ANNEXURE_A-AND-B.pdf
A63: 62 | B63: Gauteng | C63: City of Johannesburg | D63: Diepsloot TRUs (William Nicol / Summit Rd) | E63: TRU (Covid) | F63: Diepsloot | G63: -25.93 | H63: 28.01 | I63: Low – rough estimate | J63: 2020 | K63: 1,108 units | L63: Uncertain | M63: No status after 2022. | N63: 2020-07-24 | O63: https://www.citizen.co.za/fourways-review/356552/locals-to-be-relocated/
A64: 63 | B64: Gauteng | C64: City of Johannesburg | D64: Tanganani Ext 7 / Ext 14 TRUs | E64: TRU (Covid) | F64: Tanganani, Diepsloot | G64: -25.92 | H64: 27.99 | I64: Estimated (±1–3 km) | J64: 2020 | K64: ~1,100 units each | L64: Uncertain | M64: No status after 2022. | N64: 2020 | O64: https://www.vukuzenzele.gov.za/government-urgently-addresses-overcrowding
A65: 64 | B65: Gauteng | C65: City of Johannesburg | D65: Zandspruit TRA | E65: TRA (Covid) | F65: Zandspruit (Ext 84) | G65: -26.03 | H65: 27.93 | I65: Estimated (±1–3 km) | J65: 2020 | K65: 1,402–2,208 units planned | L65: Uncertain | M65: Mayor said in 2020 it would become permanent. | N65: 2020-07-14 | O65: https://www.citizen.co.za/roodepoort-record/2020/07/14/construction-of-tra-to-start-in-zandspruit/
A66: 65 | B66: Gauteng | C66: City of Johannesburg | D66: Wilgespruit Plot 323 TRUs | E66: TRU (Covid) | F66: Wilgespruit, Roodepoort | G66: -26.1 | H66: 27.9 | I66: Low – rough estimate | J66: 2020 | K66: 72 households | L66: Uncertain | M66: 2020 source only. | N66: 2020 | O66: https://www.vukuzenzele.gov.za/government-urgently-addresses-overcrowding
A67: 66 | B67: Gauteng | C67: City of Johannesburg | D67: Helen Joseph Women's Hostel TRUs | E67: TRU (Covid) | F67: Alexandra | G67: -26.1 | H67: 28.1 | I67: Low – rough estimate | J67: 2020 | K67: 144 units | L67: Uncertain | M67: 2020 source only. | N67: 2020 | O67: https://www.vukuzenzele.gov.za/government-urgently-addresses-overcrowding
A68: 67 | B68: Gauteng | C68: City of Tshwane | D68: Mamelodi Hostel TRUs | E68: TRU (Covid, HDA) | F68: Mamelodi West hostel | G68: -25.715 | H68: 28.335 | I68: Estimated (±1–3 km) | J68: 2020–21 | K68: 454 built (of 633) | L68: Active | M68: Jan 2026 repairs logged at the TRUs. | N68: 2026-01-14 | O68: https://www.citizen.co.za/rekord/news-headlines/local-news/2026/01/14/water-wastage-and-ageing-infrastructure-trouble-mamelodi-hostel-dwellers/
A69: 68 | B69: Gauteng | C69: City of Tshwane | D69: Mooiplaas TRUs (flood victims) | E69: TRU | F69: Mooiplaas (possibly Region 4 – unconfirmed) | I69: Not found | J69: 2020–21 | K69: 84 people (phase 1) | L69: Uncertain | M69: Units cracking (Oct 2021); nothing later found. | N69: 2021-10 | O69: https://www.citizen.co.za/rekord/342964/flood-victims-finally-moved-to-safer-place/
A70: 69 | B70: Gauteng | C70: City of Tshwane | D70: Nellmapius Ext 4 temporary relocation site | E70: TRA | F70: Nellmapius Ext 4, Mamelodi | G70: -25.735 | H70: 28.365 | I70: Estimated (±1–3 km) | J70: Aug 2024 | K70: 35 beneficiaries | L70: Active | M70: Move to Pienaarspoort delayed (sand-mining damage); expected early 2026. | N70: 2025-10-20 | O70: https://www.citizen.co.za/rekord/news-headlines/local-news/2025/10/20/mamelodi-flood-victims-fear-being-forgotten-amid-relocation-delays/ | P70: https://groundup.org.za/article/flood-victims-relocated-by-the-city-to-land-in-mamelodi-are-being-threatened-by-local-residents/
A71: 70 | B71: Gauteng | C71: City of Ekurhuleni | D71: Chief Albert Luthuli / 'N12' settlement | E71: Temporary relocation site (Bapsfontein evictees) | F71: Near Cloverdene, Benoni, along N12 | G71: -26.13 | H71: 28.36 | I71: Estimated (±1–3 km) | J71: c. 2011 | K71: ~2,000 dwellings; 570 verified residents | L71: Disrupted – court-supervised | M71: Demolished May 2026; High Court (Jun 2026) ordered return of 570 residents with temporary structures. | N71: 2026-06-15 | O71: https://www.dailymaverick.co.za/article/2026-06-15-judge-orders-return-of-n12-families-after-flagrant-rights-violations/
A72: 71 | B72: Gauteng | C72: City of Ekurhuleni | D72: Chris Hani 'transitional' resettlement site | E72: Transitional site | F72: Next to Ivory Park (Tembisa side) | G72: -26.005 | H72: 28.21 | I72: Estimated (±1–3 km) | J72: Aug 2025 | K72: 139 families | L72: Active | M72: City calls it 'not permanent but transitional'. | N72: 2025-08-19 | O72: https://www.ekurhuleni.gov.za/press-releases/human-settlement/city-resettles-families-living-under-eskom-power-pylons-to-a-safer-settlement/
A73: 72 | B73: Eastern Cape | C73: Nelson Mandela Bay | D73: Walmer '1948' TRUs (Erf 1948) | E73: TRU | F73: Walmer township (Gqebera), Gqeberha | G73: -33.99 | H73: 25.55 | I73: Estimated (±1–3 km) | J73: 2024 | K73: 580–600 units | L73: Active (largely vandalised) | M73: Built for Airport Valley residents; units stripped; eviction of unlawful occupiers ordered Nov 2024. | N73: 2025-11-06 | O73: https://groundup.org.za/article/vandals-strip-temporary-housing-units-in-r42-million-gqeberha-project/ | P73: https://www.theherald.co.za/politics/2025-11-09-abandoned-structures-in-r36m-temporary-housing-project-stripped-by-vandals/
A74: 73 | B74: Eastern Cape | C74: Nelson Mandela Bay | D74: Van Rooyen TRUs | E74: TRU (2024 floods) | F74: Kamesh, Kariega, Ward 48, near Kamesh Police Station | G74: -33.77 | H74: 25.4 | I74: Estimated (±1–3 km) | J74: Oct 2024 | K74: 154 units | L74: Active | M74: Vandalism, crime, water/sanitation problems (Jan 2026). | N74: 2026-01-23 | O74: https://novanews.co.za/udexpress/temporary-housing-becomes-permanent-nightmare/ | P74: https://www.sanews.gov.za/south-africa/relocation-residents-nelson-mandela-bay-flood-prone-areas-progressing-well
A75: 74 | B75: Eastern Cape | C75: Nelson Mandela Bay | D75: Motherwell NU30 bungalows | E75: TRU (Covid) | F75: Motherwell NU30, Gqeberha | G75: -33.8 | H75: 25.6 | I75: Estimated (±1–3 km) | J75: 2020 | K75: ~300 structures | L75: Partly converted | M75: Some replaced by permanent houses by 2026. | N75: 2026-05-07 | O75: https://groundup.org.za/article/from-leaky-bungalow-to-dream-home-wheelchair-users-6-year-wait-ends/ | P75: https://groundup.org.za/article/families-who-were-moved-into-temporary-shelters-during-covid-pandemic-are-still-waiting-for-their-houses/
A76: 75 | B76: Eastern Cape | C76: Nelson Mandela Bay | D76: Kariega 'Area 11' bungalows | E76: TRU (Covid) | F76: Area 11, Kariega | G76: -33.78 | H76: 25.37 | I76: Estimated (±1–3 km) | J76: 2020 | K76: 420 bungalows | L76: Uncertain | M76: Occupied Apr 2023; nothing later. | N76: 2023-04-20 | O76: https://groundup.org.za/article/kariega-shackdwellers-threaten-to-move-into-housing-project/
A77: 76 | B77: Eastern Cape | C77: Nelson Mandela Bay | D77: Jaagvlakte prefab bungalows | E77: TRU | F77: Jaagvlakte, Kariega | G77: -33.76 | H77: 25.36 | I77: Estimated (±1–3 km) | J77: 2020–21 | K77: 163 households (phase 1) | L77: Uncertain | M77: No 2022–26 update. | N77: 2021-04-09 | O77: https://groundup.org.za/article/relocation-project-hold-two-communities-battle-municipality-over-housing-allocations/
A78: 77 | B78: Eastern Cape | C78: Buffalo City | D78: Mtsotso Temporary Residential Area | E78: TRA (Duncan Village de-densification) | F78: Mtsotso, near Mdantsane, East London | G78: -32.93 | H78: 27.72 | I78: Low – rough estimate | J78: 2021–22 | K78: 582 households | L78: Active | M78: Structures deteriorating; residents await RDP houses in Reeston. [Verified] | N78: 2026-01-12 | O78: https://www.dailydispatch.co.za/news/2026-01-12-residents-of-mtsotso-demand-action-on-temporary-shelter-conditions/
A79: 78 | B79: Eastern Cape | C79: Buffalo City | D79: Ziphunzana Bypass / Mdantsane East TRUs | E79: TRU (Duncan Village de-densification) | F79: Ziphunzana / Mdantsane East | G79: -32.97 | H79: 27.78 | I79: Low – rough estimate | J79: 2020 | K79: ~2,000 units planned | L79: Uncertain | M79: Possibly consolidated into Mtsotso. | N79: 2020-07-16 | O79: https://elitshanews.org.za/2020/07/16/duncan-village-residents-not-happy-with-relocation/
A80: 79 | B80: Eastern Cape | C80: Buffalo City | D80: Buffalo Flats prefabs | E80: Temporary prefabs | F80: Buffalo Flats, East London | G80: -32.99 | H80: 27.87 | I80: Estimated (±1–3 km) | J80: 2010s | K80: 200+ families | L80: Active | M80: Beneficiaries still in prefabs (Dec 2024). | N80: 2024-12-12 | O80: https://www.dailydispatch.co.za/news/2024-12-12-behind-the-news-a-personal-struggle-with-a-public-housing-fiasco/
A81: 80 | B81: Eastern Cape | C81: King Sabata Dalindyebo | D81: Mayden (Maiden) Farm TRUs | E81: TRU (June 2025 floods) | F81: Mayden Farm, Mthatha | G81: -31.61 | H81: 28.76 | I81: Low – rough estimate | J81: Aug–Sep 2025 | K81: 672 planned; 315+ occupied (Oct 2025) | L81: Active – still filling | M81: More keys handed over Jul 2026. | N81: 2026-07-21 | O81: https://www.dailydispatch.co.za/news/2026-07-21-grateful-flood-victims-get-temporary-homes-year-after-disaster/ | P81: https://www.gov.za/news/media-statements/eastern-cape-relocation-mthatha-flood-victims-26-aug-2025
A82: 81 | B82: Eastern Cape | C82: King Sabata Dalindyebo | D82: Pola Park bungalows | E82: Temporary structures (2013 floods) | F82: Pola Park, near Mthatha Dam | G82: -31.55 | H82: 28.74 | I82: Estimated (±1–3 km) | J82: c. 2013–14 | K82: Not reported | L82: Uncertain | M82: Still occupied Feb 2022. | N82: 2022-02-23 | O82: https://www.dailymaverick.co.za/article/2022-02-23-mthatha-flood-victims-still-waiting-to-be-relocated-after-almost-a-decade/
A83: 82 | B83: Eastern Cape | C83: Mnquma | D83: New Rest TRUs | E83: TRU (June 2025 floods) | F83: New Rest, Butterworth | G83: -32.33 | H83: 28.15 | I83: Estimated (±1–3 km) | J83: Jul–Aug 2025 | K83: ~62–120 units | L83: Active | M83: Residents requesting water, power, sanitation. | N83: 2025-08-26 | O83: https://www.gov.za/news/media-statements/eastern-cape-relocation-mthatha-flood-victims-26-aug-2025 | P83: https://www.enca.com/news/eastern-cape-flood-relocations-face-resistance-butterworth
A84: 83 | B84: Eastern Cape | C84: Mbashe | D84: Zone 14 relocation site | E84: Temporary relocation site | F84: Several km from Dutywa | G84: -32.1 | H84: 28.3 | I84: Low – rough estimate | J84: 2012 | K84: 400+ families | L84: Active | M84: No electricity, piped water or houses after 13 years. | N84: 2025-01-27 | O84: https://allafrica.com/stories/202501270002.html
A85: 84 | B85: Eastern Cape | C85: Makana | D85: 'Transit Camp' settlement | E85: Transit camp (legacy) | F85: Ward 5, Makhanda, next to Ext 9/10 | G85: -33.3 | H85: 26.55 | I85: Low – rough estimate | J85: Legacy | K85: Not reported | L85: Active | M85: Named settlement still exists (2023). | N85: 2023-03-23 | O85: https://grocotts.ru.ac.za/2023/03/23/residents-of-extensions-nine-10-transit-camp-phumlani-and-enkanini-voice-discontent/

Sheet Closed, planned & context
A1: Province | B1: Municipality | C1: Site | D1: What happened | E1: Status | F1: Source
A2: Western Cape | B2: George | C2: Thembalethu UISP TRA erven | D2: Land used as TRA, later built on | E2: Probably closed | F2: https://www.george.gov.za/update-on-uisp-project-thembalethu/
A3: Western Cape | B3: Bitou | C3: Bossiesgif temporary housing (proposed) | D3: Residents refused to move, Mar 2026 | E3: Proposed / refused | F3: https://www.theherald.co.za/news/2026-03-26-bossiesgif-residents-march-to-bitou-municipal-offices-over-plan-to-move-them/
A4: KwaZulu-Natal | B4: eThekwini | C4: Point Road building TEA | D4: Families moved to Montclair Lodge Jun 2026; remaining evicted Jul 2026 | E4: Closed | F4: https://groundup.org.za/article/kzn-flood-victims-sleep-outside-after-eviction-from-temporary-accommodation/
A5: KwaZulu-Natal | B5: eThekwini | C5: Bayside Hotel / Impala Flats / Bayview Hall (Feb 2025 floods) | D5: Bayside evicted Jul 2025; moved to Umbilo residence | E5: Closed | F5: https://witness.co.za/news/2025/07/10/durban-flood-victims-left-in-the-cold-after-hotel-eviction/
A6: KwaZulu-Natal | B6: eThekwini | C6: 2022 flood mass-care centres (~135 halls) | D6: All closed by 24 Dec 2022 | E6: Closed | F6: https://www.sanews.gov.za/south-africa/kzn-flood-victims-relocated-new-accommodation
A7: KwaZulu-Natal | B7: eThekwini | C7: Pemilton Ave / Shannon Dr transit camp, Reservoir Hills | D7: Put on hold May 2022 after opposition | E7: Never built | F7: https://www.iol.co.za/thepost/news/reservoir-hills-residents-oppose-ethekwini-municipalitys-plan-to-build-transit-camp-4a66aba6-ff06-4716-b843-427e5f471e4a
A8: KwaZulu-Natal | B8: eThekwini | C8: 17–29 legacy transit camps decommissioned (names not published) | D8: eThekwini says 29 of 71 camps cleared by Jun 2024 | E8: Closed | F8: https://iol.co.za/dailynews/news/2024-06-10-no-power-for-the-forgotten-flood-victims/
A9: Gauteng | B9: City of Johannesburg | C9: 3 Kotze Street shelter | D9: Closed Dec 2023 (structural problems) | E9: Closed | F9: https://www.dailymaverick.co.za/article/2024-10-03-joburg-housing-bid-to-provide-emergency-accommodation-highlights-crisis/
A10: Gauteng | B10: City of Johannesburg | C10: Rabie Ridge / Ivory Park Covid TRUs | D10: Dismantled; land occupied by backyarders from Aug 2023 | E10: Closed | F10: https://groundup.org.za/article/300-families-from-rabie-ridge-go-to-court-to-fight-their-eviction/
A11: Gauteng | B11: City of Johannesburg | C11: Ekuthuleni shelter / Linatex building (older TEAs) | D11: No 2022–26 evidence of use as TEA | E11: Probably closed | F11: https://www.dailymaverick.co.za/article/2025-03-20-court-slams-city-of-johannesburg-for-failing-to-provide-temporary-shelter-to-evicted-residents/
A12: Gauteng | B12: City of Tshwane | C12: Nellmapius Library / Community Hall | D12: Mostly emptied Aug 2024 | E12: Closed / mostly emptied | F12: https://www.citizen.co.za/news/south-africa/displaced-mamelodi-flood-victims-uncertain-what-future-holds/
... A15: Mpumalanga | B15: Emakhazeni | C15: Portion 61 Farm Geluk 348 JT | D15: Court-ordered alternative land for ~65 households (Sep 2025) | E15: Not a TRA (context) | F15: https://www.saflii.org/za/cases/ZAGPPHC/2025/925.html
